-- phpMyAdmin SQL Dump
-- version 5.2.0
-- https://www.phpmyadmin.net/
--
-- Host: 127.0.0.1
-- Generation Time: Feb 17, 2024 at 03:03 PM
-- Server version: 10.4.27-MariaDB
-- PHP Version: 8.2.0

SET SQL_MODE = "NO_AUTO_VALUE_ON_ZERO";
START TRANSACTION;
SET time_zone = "+00:00";


/*!40101 SET @OLD_CHARACTER_SET_CLIENT=@@CHARACTER_SET_CLIENT */;
/*!40101 SET @OLD_CHARACTER_SET_RESULTS=@@CHARACTER_SET_RESULTS */;
/*!40101 SET @OLD_COLLATION_CONNECTION=@@COLLATION_CONNECTION */;
/*!40101 SET NAMES utf8mb4 */;

--
-- Database: `data`
--

-- --------------------------------------------------------

--
-- Table structure for table `config`
--

CREATE TABLE `config` (
  `id` int(11) NOT NULL,
  `name` varchar(50) NOT NULL,
  `value` varchar(100) DEFAULT NULL,
  `note` text DEFAULT NULL
) ENGINE=InnoDB DEFAULT CHARSET=utf8mb4 COLLATE=utf8mb4_general_ci;

--
-- Dumping data for table `config`
--

INSERT INTO `config` (`id`, `name`, `value`, `note`) VALUES
(1, 'company_name', 'ZAMIL OFFSHORE SERVICES COMPANYT', NULL),
(2, 'company_bldg', 'AL-ZAMIL BLDG - AL BANDARIYAH', NULL),
(3, 'company_pobox', 'POBox 1922 ZIP 31952', NULL),
(4, 'company_tel', 'TEL: 03-882-2494, 03-882-2495, FAX-03-882-2032', NULL),
(5, 'company_cr', '2051003290 ', NULL),
(6, 'company_vat', '310132626800003', NULL),
(7, 'company_name_ar', ' تليفون :2494-882-013 , فاكس : 2032-882-013', NULL),
(8, 'company_bldg_ar', 'بناية الزامل - حى البندرية', NULL),
(9, 'company_pobox_ar', 'ص.ب 1922, الخبر  31952 , المملكة العربية السعودية', NULL),
(10, 'company_tel_ar', 'تليفون :2494-882-013 , فاكس : 2032-882-013', NULL),
(11, 'cc1', '104.1260.41111.00000.000000.000.00000', NULL),
(12, 'cc2', '104.1810.41111.00000.000000.000.00000', NULL),
(13, 'vat', '15', NULL),
(14, 'company_logo', 'logo.png', NULL),
(15, 'company_contract', 'بناية الزامل - حى البندرية', NULL),
(16, 'company_vendor', '10005686', NULL),
(17, 'AddInvoiceNo', '7', NULL);

-- --------------------------------------------------------

--
-- Table structure for table `invoice`
--

CREATE TABLE `invoice` (
  `id` int(11) NOT NULL,
  `no` varchar(50) NOT NULL,
  `ref_no` varchar(12) NOT NULL,
  `date` date NOT NULL,
  `amount` double NOT NULL,
  `supplier` int(11) NOT NULL,
  `sappo` int(11) NOT NULL,
  `schedule` int(2) NOT NULL,
  `code` varchar(20) NOT NULL,
  `note` text NOT NULL
) ENGINE=InnoDB DEFAULT CHARSET=utf8mb4 COLLATE=utf8mb4_general_ci;

--
-- Dumping data for table `invoice`
--

INSERT INTO `invoice` (`id`, `no`, `ref_no`, `date`, `amount`, `supplier`, `sappo`, `schedule`, `code`, `note`) VALUES
(1, 'INV0001', '', '2024-01-29', 850, 296, 1, 10, '240129213335', ''),
(2, 'INV0002', '', '2024-01-30', 100, 296, 1, 10, '240129213335', ''),
(3, 'INV0003', '', '2024-01-31', 50, 296, 1, 10, '240129213335', ''),
(4, 'dd', '', '2024-01-29', 100, 296, 2, 10, '240129214138', ''),
(6, '586', 'wwww', '2024-02-01', 69, 301, 3, 10, '240201192024', ''),
(7, '213', '', '2024-02-01', 103, 301, 3, 10, '240201192024', ''),
(8, '5800245', '', '2024-02-01', 50, 301, 3, 10, '240201192024', ''),
(9, 'fdv', 'DSS', '2024-02-02', 333, 296, 4, 7, '240202100636', ''),
(10, 'wdsw', '', '2024-02-02', 333, 296, 4, 7, '240202100636', ''),
(11, '22', '', '2024-02-02', 1854, 298, 4, 10, '240202132716', ''),
(12, 'tttt', '', '2024-02-04', 343, 296, 4, 10, '240204201842', ''),
(13, '42', '', '2024-02-04', 332, 296, 4, 10, '240204201859', ''),
(14, '23', '', '2024-02-04', 332, 296, 4, 10, '240204201859', ''),
(15, '331', '', '2024-02-04', 323, 296, 4, 10, '240204201859', ''),
(16, '1', '', '2024-02-04', 1, 296, 4, 10, '240204202145', ''),
(17, '1', '', '2024-02-04', 1, 296, 4, 10, '240204202145', ''),
(18, '1', '', '2024-02-04', 1, 296, 4, 10, '240204202145', ''),
(19, '1', '', '2024-02-04', 1, 296, 4, 10, '240204202223', ''),
(20, '1', '', '2024-02-04', 1, 296, 4, 10, '240204202223', ''),
(21, '1', '', '2024-02-04', 1, 296, 4, 10, '240204202223', ''),
(22, '1', '', '2024-02-04', 1, 296, 4, 10, '240204202223', ''),
(23, '1', '', '2024-02-04', 1, 296, 4, 10, '240204202223', ''),
(24, '1', '', '2024-02-04', 1, 296, 4, 10, '240204202223', '');

-- --------------------------------------------------------

--
-- Table structure for table `sappo`
--

CREATE TABLE `sappo` (
  `id` int(11) NOT NULL,
  `no` varchar(50) DEFAULT NULL,
  `name` varchar(100) DEFAULT NULL,
  `oracle_no` bigint(20) NOT NULL,
  `amount` double DEFAULT 0,
  `balance` double NOT NULL DEFAULT 0,
  `is_paid` varchar(10) DEFAULT 'No',
  `is_active` int(1) NOT NULL DEFAULT 1,
  `sappoExpDate` date NOT NULL DEFAULT current_timestamp(),
  `note` text DEFAULT NULL,
  `create_date` datetime NOT NULL DEFAULT current_timestamp(),
  `update_date` datetime NOT NULL DEFAULT current_timestamp()
) ENGINE=InnoDB DEFAULT CHARSET=utf8mb4 COLLATE=utf8mb4_general_ci;

--
-- Dumping data for table `sappo`
--

INSERT INTO `sappo` (`id`, `no`, `name`, `oracle_no`, `amount`, `balance`, `is_paid`, `is_active`, `sappoExpDate`, `note`, `create_date`, `update_date`) VALUES
(1, 'SAPPO_NUMB', 'SAPPO_NAME', 0, 1000, 0, 'No', 0, '2024-02-01', ' SAPPO NOTE', '2024-01-29 21:32:28', '2024-01-29 21:32:28'),
(2, 'SAP_PO_NEW', 'NEW NAME', 0, 1000, 900, 'No', 0, '2024-01-29', '  Close:Close', '2024-01-29 21:41:10', '2024-01-29 21:41:10'),
(3, 'Other SAP 12', '33699999', 0, 222, 0, 'Partial', 0, '2024-01-29', 'Nore ', '2024-01-29 21:44:56', '2024-02-02 09:52:29'),
(4, 'SAPPO0202', 'NAME SAPPS', 99665, 12668, 8809, 'No', 1, '2024-02-02', 'SAP PO Note ', '2024-02-02 09:53:22', '2024-02-02 13:27:00');

-- --------------------------------------------------------

--
-- Table structure for table `suppliers`
--

CREATE TABLE `suppliers` (
  `id` int(11) NOT NULL,
  `name` varchar(100) NOT NULL,
  `cr` varchar(100) NOT NULL,
  `vat` varchar(100) NOT NULL,
  `conatct` text DEFAULT NULL,
  `is_active` int(11) NOT NULL DEFAULT 1,
  `create_date` timestamp NOT NULL DEFAULT current_timestamp(),
  `update_date` timestamp NOT NULL DEFAULT current_timestamp()
) ENGINE=InnoDB DEFAULT CHARSET=utf8mb4 COLLATE=utf8mb4_general_ci;

--
-- Dumping data for table `suppliers`
--

INSERT INTO `suppliers` (`id`, `name`, `cr`, `vat`, `conatct`, `is_active`, `create_date`, `update_date`) VALUES
(296, 'مؤسسة نايف محمد علي القحطاني للمقاولات العامة', 'SA4431971898567039965603', '9355148370446575448', '', 1, '2022-08-18 17:46:26', '2024-01-26 20:12:32'),
(297, 'sssasas', 'SA4447260938894339936783', '8487575591548983317', ' ', 0, '2022-08-18 17:46:26', '2022-08-19 20:45:11'),
(298, 'مؤسسة هدف الريادة للمقاولات العامة', 'SA4469143206624187542083', '2433587455106864704', ' ', 1, '2022-08-18 17:46:26', '2024-01-26 18:24:52'),
(299, 'مؤسسة يوسف سالم بن عبدالعزيز الوشمي للمقاولات ', 'SA4426891198994444835387', '5962562356325', '       ', 1, '2022-08-18 17:46:26', '2024-01-26 18:38:26'),
(300, 'مؤسسة سعيد متعب طامي الهاجري للمقاولات العامة', 'SA4428707785551147443565', '8955846050352154256', ' ', 1, '2022-08-18 17:46:26', '2022-08-19 07:47:10'),
(301, 'مؤسسة تركي عبدالله عيسى العجمي للمقاولات العامة', 'SA4458029546326359733143', '8503634786569690557', '', 1, '2022-08-18 17:46:26', '2022-08-19 07:48:15'),
(302, 'مؤسسة سمر عائش عبدالله العتيبي للمقاولات العامة', 'SA4481698504733635631070', '1224114463596484436', '', 1, '2022-08-18 17:46:26', '2022-08-19 07:48:28'),
(303, 'مؤسسة فهد بن صالح بن حسن اليامي للمقاولات', 'SA4442947748782828166635', '4616211642681058103', NULL, 1, '2022-08-18 17:46:26', '2022-08-18 17:46:26'),
(304, 'مؤسسة ابتكار الريادة للمقاولات العامة', 'SA4433673882474014831535', '9641564170625754482', NULL, 1, '2022-08-18 17:46:26', '2022-08-18 17:46:26'),
(305, 'مؤسسة قايد صالح حسين القحطاني للمقاولات', 'SA4428824752313331392863', '1836830570306633286', NULL, 1, '2022-08-18 17:46:26', '2022-08-18 17:46:26'),
(306, 'أكاديمية فرسان الخليج الرياضية', 'SA4450399049881479260228', '6101490047348167765', ' ', 1, '2022-08-18 17:46:26', '2022-08-20 00:58:26'),
(307, 'مكتب راشد علي راشد الهتلان للاستشارات الأمنية', 'SA4474375677686675812726', '2081601141792869367', NULL, 1, '2022-08-18 17:46:26', '2022-08-18 17:46:26'),
(308, 'شركة جازل للاستشارات الأمنية', 'SA4454313582382191125293', '9591910246626935393', NULL, 1, '2022-08-18 17:46:26', '2022-08-18 17:46:26'),
(309, 'مكتب الراي السديد للاستشارات الأمنية', 'SA4464394970534095409193', '3559377267831169259', NULL, 1, '2022-08-18 17:46:26', '2022-08-18 17:46:26'),
(311, 'شركة شروق الأمل للمقاولات المعمارية العامة', 'SA4429325892062581917098', '4517641788059376287', ' ', 1, '2022-08-18 17:46:26', '2022-08-19 04:21:37'),
(314, 'شركة شدن للتجارة', 'SA4486470698972385078379', '4500041000059326287', '   ', 1, '2022-08-18 17:46:26', '2022-08-19 04:22:41'),
(315, 'يحسن علي حسن آل الزعبي التجارية', 'SA4422447983884186905853', '6489809946294556865', '   ', 1, '2022-08-18 17:46:26', '2022-08-19 07:29:07'),
(316, 'مؤسسة أحمد فوزي بن علي آل الشيخ التجارية', 'SA4477053211718255358359', '4280454111561206648', NULL, 1, '2022-08-18 17:46:26', '2022-08-18 17:46:26'),
(317, 'مؤسسة عادل محمد الشيوخ التجارية', 'SA4438447046924677917840', '4784962452502398824', NULL, 1, '2022-08-18 17:46:26', '2022-08-18 17:46:26'),
(318, 'مؤسسة مهدي صالح بن عيسى المهري التجارية', 'SA4425745340637996387745', '6753769480011527561', '  asdsadsadsadsasda', 1, '2022-08-18 17:46:26', '2022-08-19 08:31:36'),
(319, 'مؤسسة اسطورة الالوان التجارية', 'SA4411426549791982890880', '6381334416226112981', '  2051229304d', 0, '2022-08-18 17:46:26', '2022-08-19 08:34:01'),
(320, 'مؤسسة عبدالرحمن مروان عمر الغامدي التجارية', 'SA4441650306737306382991', 'S3223601888758536584', '          sadsadd', 1, '2022-08-18 17:46:26', '2022-08-19 09:48:11'),
(321, 'مؤسسة ابتكار الالوان التجارية', 'SA4447272917015712521546', '1313711986722514935', NULL, 1, '2022-08-18 17:46:26', '2022-08-18 17:46:26'),
(322, 'مؤسسة عالية العربية للتجارة', 'SA4456009214705153679346', '1691506946231747432', NULL, 1, '2022-08-18 17:46:26', '2022-08-18 17:46:26'),
(323, 'محل دهانات الوطنية التجارية', 'SA4426492028364524692779', '8022247922812194313', NULL, 1, '2022-08-18 17:46:26', '2022-08-18 17:46:26'),
(324, 'شركة مصنع الجزيره للدهانات', 'SA4468282289091674725110', '8360234654444032322', NULL, 1, '2022-08-18 17:46:26', '2022-08-18 17:46:26'),
(325, 'مؤسسة اروى خلف فالح القنزع التجارية', 'SA4450530588906025678816', '5304705435651649493', NULL, 1, '2022-08-18 17:46:26', '2022-08-18 17:46:26'),
(326, 'مؤسسة خلود خالد سيف العازمي التجارية', 'SA4486409247861492903001', '7596510592491083417', NULL, 1, '2022-08-18 17:46:26', '2022-08-18 17:46:26'),
(327, 'مؤسسة سحر عبدالله بن خلف الشمري التجارية', 'SA4470399467821783267466', '7802259370235201459', NULL, 1, '2022-08-18 17:46:26', '2022-08-18 17:46:26'),
(328, 'مؤسسة مها راضي بن حامد العنزي التجارية', 'SA4479650343873182238206', '9732482989454717194', NULL, 1, '2022-08-18 17:46:26', '2022-08-18 17:46:26'),
(329, 'مؤسسة الطاف تركى بن غريب الخالدى التجارية', 'SA4486976999386513967076', '9425827714704686181', NULL, 1, '2022-08-18 17:46:26', '2022-08-18 17:46:26'),
(330, 'مؤسسة ضحى راضي بن حامد العنزي التجارية', 'SA4411591901306272876950', '3399714529728785351', NULL, 1, '2022-08-18 17:46:26', '2022-08-18 17:46:26'),
(331, 'مؤسسة بدر محمد خلوي الظفيري التجارية', 'SA4413239297046279975519', '3054896329701921902', NULL, 1, '2022-08-18 17:46:26', '2022-08-18 17:46:26'),
(332, 'مؤسسة تهاني حماد ذيبان الشمري التجارية', 'SA4457074108861067353020', '7696359722353953878', NULL, 1, '2022-08-18 17:46:26', '2022-08-18 17:46:26'),
(333, 'مؤسسة ناصر سالم عبدالمحسن العجمي التجارية', 'SA4444006697618393681409', '1394975837855610651', NULL, 1, '2022-08-18 17:46:26', '2022-08-18 17:46:26'),
(334, 'مؤسسة صالح حمود عبيد الشمري التجارية', 'SA4454028134065044075382', '2978749974387278499', NULL, 1, '2022-08-18 17:46:26', '2022-08-18 17:46:26'),
(335, 'مؤسسة عطاالله بن مبارك بن صلف المطيري التجارية', 'SA4476046455392956124005', '7029733267823381307', NULL, 1, '2022-08-18 17:46:26', '2022-08-18 17:46:26'),
(336, 'مؤسسة محمد علوش بن محمد القحطاني التجارية', 'SA4452501394944443341753', '5961627413422407160', NULL, 1, '2022-08-18 17:46:26', '2022-08-18 17:46:26'),
(337, 'مؤسسة تركي فهد بن محمد العتيبي التجارية', 'SA4410717851651286273786', '9218559983712109712', NULL, 1, '2022-08-18 17:46:26', '2022-08-18 17:46:26'),
(338, 'مؤسسة عبدالرحمن عبد الله شرعان الظفيري التجارية', 'SA4434971501168144569686', '3744323095253300949', NULL, 1, '2022-08-18 17:46:26', '2022-08-18 17:46:26'),
(339, 'مؤسسة نجلاء عجير ابن غالي العازمي التجارية', 'SA4448695072751386522629', '9487183155244939757', NULL, 1, '2022-08-18 17:46:26', '2022-08-18 17:46:26'),
(340, 'مؤسسة حسن عوض حسن العنزي التجارية', 'SA4480244013796201513069', '8483772795714018763', NULL, 1, '2022-08-18 17:46:26', '2022-08-18 17:46:26'),
(341, 'مؤسسة دلال محمد صنيتان العتيبي التجارية', 'SA4420881521708749424179', '9187147364347038209', NULL, 1, '2022-08-18 17:46:26', '2022-08-18 17:46:26'),
(342, 'مؤسسة صباح المزينى عائض العتيبي التجارية', 'SA4462156618598657201884', '9591951024245966945', NULL, 1, '2022-08-18 17:46:26', '2022-08-18 17:46:26'),
(343, 'مؤسسة منى سعد شباب العتيبي التجارية', 'SA4476229346423122132202', '2075966934066060601', NULL, 1, '2022-08-18 17:46:26', '2022-08-18 17:46:26'),
(344, 'مؤسسة نايف نخيلان منصور الشمري التجارية', 'SA4464834062666685695438', '7871923265167881209', NULL, 1, '2022-08-18 17:46:26', '2022-08-18 17:46:26'),
(345, 'مؤسسة نظر مسلط بن مطلق العتيبي التجارية', 'SA4412972523547487578234', '5243164243022113650', NULL, 1, '2022-08-18 17:46:26', '2022-08-18 17:46:26'),
(346, 'مؤسسة ماريه محمد بن فاضل الغامدي التجارية', 'SA4447864111193845428764', '3804973291011344467', NULL, 1, '2022-08-18 17:46:26', '2022-08-18 17:46:26'),
(347, 'مؤسسة فاديه محمد بن فاضل الغامدي التجارية', 'SA4436117876624172614399', '8928270187955515239', NULL, 1, '2022-08-18 17:46:26', '2022-08-18 17:46:26'),
(348, 'مؤسسة عبدالعزيز محمد بن فاضل الغامدي التجارية', 'SA4436146093192408403485', '8817592178521402214', NULL, 1, '2022-08-18 17:46:26', '2022-08-18 17:46:26'),
(349, 'مؤسسة فرحه هليل عسكر الماجدي التجارية', 'SA4487722526634721638317', '1754108570579499477', NULL, 1, '2022-08-18 17:46:26', '2022-08-18 17:46:26'),
(350, 'مؤسسة هاجر أحمد صايل الظفيري التجارية', 'SA4488711580238997504539', '1754255424138797393', NULL, 1, '2022-08-18 17:46:26', '2022-08-18 17:46:26'),
(351, 'مؤسسة ابتسام ابراهيم ناصر المرشود التجارية', 'SA4455156484018454574249', '4939446449346007152', NULL, 1, '2022-08-18 17:46:26', '2022-08-18 17:46:26'),
(352, 'مؤسسة حلا فهد بن مخلف الشمري التجارية', 'SA4436434775565373796496', '3983521141595811239', NULL, 1, '2022-08-18 17:46:26', '2022-08-18 17:46:26'),
(353, 'مؤسسة سيف ثاني خليف الشمري التجارية', 'SA4465022026307737368724', '2144624728223543883', NULL, 1, '2022-08-18 17:46:26', '2022-08-18 17:46:26'),
(354, 'مؤسسة فوزيه بنت عياد بن دغفق الشمري التجارية', 'SA4431735614243736232230', '1456106030907501484', NULL, 1, '2022-08-18 17:46:26', '2022-08-18 17:46:26'),
(355, 'مؤسسة فهاد خليفه بن مطلق الشمري التجارية', 'SA4435204364173979713132', '6981228942806449217', NULL, 1, '2022-08-18 17:46:26', '2022-08-18 17:46:26'),
(356, 'مؤسسة برغش حمود شرعان الظفيري التجارية', 'SA4473368368543802951236', '6094184667006745790', NULL, 1, '2022-08-18 17:46:26', '2022-08-18 17:46:26'),
(357, 'مؤسسة نايف بن يوسف عيسى العمره التجارية', 'SA4420353406152568420348', '1564731523758039370', NULL, 1, '2022-08-18 17:46:26', '2022-08-18 17:46:26'),
(358, 'مؤسسة هاجر حمدان علي الشمراني لمواد البناء', 'SA4473121599192110372042', '7500381872121758952', NULL, 1, '2022-08-18 17:46:26', '2022-08-18 17:46:26'),
(359, 'مؤسسة مناهل المدينة التجارية', 'SA4471993496776227020055', '7919265984128401489', NULL, 1, '2022-08-18 17:46:26', '2022-08-18 17:46:26'),
(360, 'مؤسسة مجال الإختصاص للتجارة', 'SA4443199124974193882216', '7500414958248743898', NULL, 1, '2022-08-18 17:46:26', '2022-08-18 17:46:26'),
(361, 'مؤسسة ألاء لمواد البناء', 'SA4464802258282466327544', '2240517127011420223', NULL, 1, '2022-08-18 17:46:26', '2022-08-18 17:46:26'),
(362, 'مؤسسة عالم المجد لمواد البناء', 'SA4472949346822054342610', '8897414112451876699', NULL, 1, '2022-08-18 17:46:26', '2022-08-18 17:46:26'),
(363, 'مؤسسة الانجاز الامثل لمواد البناء', 'SA4447823759188167476909', '7835772747658888609', NULL, 1, '2022-08-18 17:46:26', '2022-08-18 17:46:26'),
(364, 'شركة كلاس التجارية (شركة شخص واحد)', 'SA4443531592603003009491', '4897327867258060828', NULL, 1, '2022-08-18 17:46:26', '2022-08-18 17:46:26'),
(365, 'مؤسسة ساره علي بن ناشي المسلم التجارية', 'SA4443749315065282397616', '2759925977046414569', NULL, 1, '2022-08-18 17:46:26', '2022-08-18 17:46:26'),
(366, 'مؤسسة جمعه قاسم سلمان غزواني التجارية', 'SA4483104296333401658636', '2780228176003044605', NULL, 1, '2022-08-18 17:46:26', '2022-08-18 17:46:26'),
(367, 'مؤسسة نور البلد التجارية', 'SA4470314729285305128196', '6225258819878453145', NULL, 1, '2022-08-18 17:46:26', '2022-08-18 17:46:26'),
(368, 'مؤسسة فاطمه سعد علي السالم التجارية', 'SA4457733194225837864127', '6065690247596495605', NULL, 1, '2022-08-18 17:46:26', '2022-08-18 17:46:26'),
(369, 'مؤسسة سالم صالح بن سالم ال جيده التجارية', 'SA4469100842713338727343', '5339538471166653669', NULL, 1, '2022-08-18 17:46:26', '2022-08-18 17:46:26'),
(370, 'محل اللون الثامن للتجارة', 'SA4470612983793830202981', '7119410115103571848', NULL, 1, '2022-08-18 17:46:26', '2022-08-18 17:46:26'),
(371, 'مؤسسة حسين تركي بن محمد الشوملي التجارية', 'SA4484482641214148998129', '4234860139986076660', NULL, 1, '2022-08-18 17:46:26', '2022-08-18 17:46:26'),
(372, 'مؤسسة الأنامل السحرية التجارية', 'SA4431933749528274911544', '6594959188896577900', NULL, 1, '2022-08-18 17:46:26', '2022-08-18 17:46:26'),
(373, 'مؤسسة أوتاد الجبيل التجارية', 'SA4451878620641199293966', '4653233314692550322', NULL, 1, '2022-08-18 17:46:26', '2022-08-18 17:46:26'),
(374, 'مؤسسة الجسر الصلب للتجارة', 'SA4467156955474346295926', '4866472652369780951', NULL, 1, '2022-08-18 17:46:26', '2022-08-18 17:46:26'),
(375, 'مؤسسة علي حسين بن عباس الجميعه التجارية', 'SA4430756190061740243713', '9042415146246219430', NULL, 1, '2022-08-18 17:46:26', '2022-08-18 17:46:26'),
(377, 'مؤسسة مروي السديري صنيدح العنزي لتقنية المعلومات', 'SA4488892122551653674631', '4606406562727723441', NULL, 1, '2022-08-18 17:46:26', '2022-08-18 17:46:26'),
(378, 'مؤسسة هياء أحمد بن نهار القحطاني التجارية', 'SA4481396500111059712483', '3294858043435765646', NULL, 1, '2022-08-18 17:46:26', '2022-08-18 17:46:26'),
(379, 'محل صالحه محمد سعد الزهراني التجارية', 'SA4436129712337110606049', '2645139762323186854', NULL, 1, '2022-08-18 17:46:26', '2022-08-18 17:46:26'),
(380, 'مؤسسة خالد محمد عايض الدوسري التجارية', 'SA4477900178072226454756', '8725670323558084826', NULL, 1, '2022-08-18 17:46:26', '2022-08-18 17:46:26'),
(383, 'مؤسسة أديب امين عبدالحميد المجددي للتجارة', 'SA4433172436131085581782', '2717204273047418136', NULL, 1, '2022-08-18 17:46:26', '2022-08-18 17:46:26'),
(384, 'مؤسسة رشيد راشد بن سعود الحربي للتجارة', 'SA4479895765981117683471', '4994656049837617299', NULL, 1, '2022-08-18 17:46:26', '2022-08-18 17:46:26'),
(385, 'مؤسسة الخليج سوفت التجارية', 'SA4425834392004329250672', '6768298823176019152', NULL, 1, '2022-08-18 17:46:26', '2022-08-18 17:46:26'),
(386, 'مؤسسة ريان محمد عياش ماحي للتجارة', 'SA4465699301468093730791', '1491489224987988457', NULL, 1, '2022-08-18 17:46:26', '2022-08-18 17:46:26'),
(387, 'مؤسسة نايف ناصر موسى غبيسي للتجارة', 'SA4424876361362529635674', '5071878381849240108', NULL, 1, '2022-08-18 17:46:26', '2022-08-18 17:46:26'),
(388, 'مؤسسة احمد بن عبدالرضاء بن احمد الحمود التجارية', 'SA4412367299198566560145', '9697137549456385680', NULL, 1, '2022-08-18 17:46:26', '2022-08-18 17:46:26'),
(389, 'مؤسسة مستوره عطيه سفر الزهراني لبيع الجوالات وصيانتها', 'SA4451425838728578800534', '4622731683683021877', NULL, 1, '2022-08-18 17:46:26', '2022-08-18 17:46:26'),
(390, 'مؤسسة ايزي ستور للتجارة', 'SA4414500517031095630584', '8029933993927746454', NULL, 1, '2022-08-18 17:46:26', '2022-08-18 17:46:26'),
(391, 'مؤسسة ريدان الريادة للتجارة', 'SA4425536676106966079492', '4458599910615507289', NULL, 1, '2022-08-18 17:46:26', '2022-08-18 17:46:26'),
(392, 'مؤسسة حذيفه عماد بن عبدالعزيز الرشود التجارية', 'SA4431731868273585337577', '8157143142286834947', NULL, 1, '2022-08-18 17:46:26', '2022-08-18 17:46:26'),
(393, 'مؤسسة بروق الشرق للاتصالات', 'SA4477583691582803545283', '1912786215723899988', NULL, 1, '2022-08-18 17:46:26', '2022-08-18 17:46:26'),
(394, 'مؤسسة شبكات الإرسال للاتصالات', 'SA4473280072095352476166', '8116671490662190878', NULL, 1, '2022-08-18 17:46:26', '2022-08-18 17:46:26'),
(395, 'مؤسسة هياء أحمد بن نهار القحطاني للاتصالات', 'SA4431895841996310445933', '3702495269876678229', NULL, 1, '2022-08-18 17:46:26', '2022-08-18 17:46:26'),
(396, 'مؤسسة الجوال المتقدم للاتصالات', 'SA4467776069998508018727', '8386311979405149118', NULL, 1, '2022-08-18 17:46:26', '2022-08-18 17:46:26'),
(397, 'مؤسسة خليج الخير للاتصالات', 'SA4410702718861634105869', '4217506149527564428', NULL, 1, '2022-08-18 17:46:26', '2022-08-18 17:46:26'),
(398, 'مؤسسة العدسة الذكية للاتصالات', 'SA4436133772185855304054', '6485260257847710741', NULL, 1, '2022-08-18 17:46:26', '2022-08-18 17:46:26'),
(400, 'مؤسسة الواحة الذهبي للاتصالات', 'SA4478738107748337858862', '7435800410786707915', NULL, 1, '2022-08-18 17:46:26', '2022-08-18 17:46:26'),
(401, 'مؤسسة فرسان الجبيل التجارية', 'SA4450838089581179029298', '6082202411682444803', NULL, 1, '2022-08-18 17:46:26', '2022-08-18 17:46:26'),
(402, 'مؤسسة حزام بن محمد بن مبخوت الدوسري لبيع الجوالات وصيانتها', 'SA4478021243251861824931', '5509390165172370567', NULL, 1, '2022-08-18 17:46:26', '2022-08-18 17:46:26'),
(403, 'مؤسسة حسين عيسى البدن التجارية', 'SA4467127107996182006303', '7123744936234033593', NULL, 1, '2022-08-18 17:46:26', '2022-08-18 17:46:26'),
(404, 'مؤسسة زبرقان التجارية', 'SA4467383172917706416041', '8928129074916722192', NULL, 1, '2022-08-18 17:46:26', '2022-08-18 17:46:26'),
(405, 'موسسة باكو للتجارة', 'SA4454587585436494125893', '5934677052095803380', NULL, 1, '2022-08-18 17:46:26', '2022-08-18 17:46:26'),
(406, 'مؤسسة علي سعيد بن مسعود آل مهدي للاتصالات', 'SA4445984248013081815145', '3300616643074986563', NULL, 1, '2022-08-18 17:46:26', '2022-08-18 17:46:26'),
(407, 'مؤسسة فريق البدر الرياضي للتجارة', 'SA4462718941197674541070', '5616937148542078557', NULL, 1, '2022-08-18 17:46:26', '2022-08-18 17:46:26'),
(408, 'مؤسسة مسار الحلم للتجارة', 'SA4430890115695823200225', '5173932861162132173', NULL, 1, '2022-08-18 17:46:26', '2022-08-18 17:46:26'),
(409, 'مؤسسة توي ستار التجارية', 'SA4450535189307382946852', '6960304380987169851', NULL, 1, '2022-08-18 17:46:26', '2022-08-18 17:46:26'),
(410, 'محل نطاق ابتكار لبيع الجوالات وصيانتها', 'SA4416826886465983329856', '3851728113761690134', NULL, 1, '2022-08-18 17:46:26', '2022-08-18 17:46:26'),
(411, 'مؤسسة اجهزة المستقبل للتجارة', 'SA4413039050922172193635', '1704464137727388912', NULL, 1, '2022-08-18 17:46:26', '2022-08-18 17:46:26'),
(412, 'مؤسسة رؤية الجوهرة لتقنية المعلومات', 'SA4449445863362305115440', '5345737522191209218', NULL, 1, '2022-08-18 17:46:26', '2022-08-18 17:46:26'),
(413, 'مؤسسة وادي النظم التجارية', 'SA4425500736711255561129', '2029834539507875787', NULL, 1, '2022-08-18 17:46:26', '2022-08-18 17:46:26'),
(414, 'مؤسسة نجاح المحاسبة لتقنية المعلومات', 'SA4445069767645939199089', '7197837695791266202', NULL, 1, '2022-08-18 17:46:26', '2022-08-18 17:46:26'),
(415, 'مؤسسة عمر مشعل بن ابراهيم الصقير لتقنية المعلومات', 'SA4451339541946998653242', '6151593235712848788', NULL, 1, '2022-08-18 17:46:26', '2022-08-18 17:46:26'),
(416, 'مؤسسة محمد جعفر بن حسين آل درويش التجارية', 'SA4481541338591074764228', '9215487076867394670', NULL, 1, '2022-08-18 17:46:26', '2022-08-18 17:46:26'),
(417, 'مؤسسة فلاح لافي حديد الحربي لمواد البناء', 'SA4453033871733211202149', '2782307664777909793', NULL, 1, '2022-08-18 17:46:26', '2022-08-18 17:46:26'),
(418, 'مؤسسة تمكين الشرق التجارية', 'SA4481996855833069051463', '6476147534024649623', NULL, 1, '2022-08-18 17:46:26', '2022-08-18 17:46:26'),
(419, 'مؤسسة صالح عطيه الزهراني للإطارات', 'SA4431071904622137250458', '8485238338234634831', NULL, 1, '2022-08-18 17:46:26', '2022-08-18 17:46:26'),
(420, 'مؤسسة يافع الخضراء التجارية', 'SA4440838450675976049265', '2751935061404379920', NULL, 1, '2022-08-18 17:46:26', '2022-08-18 17:46:26'),
(421, 'مؤسسة حمد صالح بن سالم الشهي للاطارات', 'SA4475097855633576640683', '9257179564522465964', NULL, 1, '2022-08-18 17:46:26', '2022-08-18 17:46:26'),
(422, 'مؤسسة خلود عبدالله ظافر آل سلوم للإطارات', 'SA4447203287777827520212', '2207611480242927128', NULL, 1, '2022-08-18 17:46:26', '2022-08-18 17:46:26'),
(423, 'مؤسسة شباب البحرين للإطارات', 'SA4488373889098049785344', '5253206687042101658', NULL, 1, '2022-08-18 17:46:26', '2022-08-18 17:46:26'),
(424, 'مؤسسة عماد على بن احمد الزهراني التجارية', 'SA4473508930345119119384', '1856351155137237344', NULL, 1, '2022-08-18 17:46:26', '2022-08-18 17:46:26'),
(425, 'مؤسسة دروب الطريق التجارية', 'SA4467156659296428808736', '9564443163531744357', NULL, 1, '2022-08-18 17:46:26', '2022-08-18 17:46:26'),
(426, 'مؤسسة محسنه مرشد عسكر صلاح للتجارة', 'SA4469684219223091436418', '2694797870904976596', NULL, 1, '2022-08-18 17:46:26', '2022-08-18 17:46:26'),
(427, 'شركة الجميح للاطارات المحدودة', 'SA4412903500067231894741', '7604572887686510374', NULL, 1, '2022-08-18 17:46:26', '2022-08-18 17:46:26'),
(428, 'مؤسسة سميره سعيد بن علي القاسم التجارية', 'SA4439742070147864027848', '8314838960936641276', NULL, 1, '2022-08-18 17:46:26', '2022-08-18 17:46:26'),
(429, 'مؤسسة نواف محمد بن عبدالرحمن المبرزي للبطاريات', 'SA4422274773105296914243', '4295695280252475604', NULL, 1, '2022-08-18 17:46:26', '2022-08-18 17:46:26'),
(430, 'مؤسسة جوهرة دله للبطاريات', 'SA4478534334406710464686', '6437114366824070607', NULL, 1, '2022-08-18 17:46:26', '2022-08-18 17:46:26'),
(431, 'مؤسسة محمد مهدي محمد اليامي للتجارة', 'SA4452053578441166564809', '9299896825532017366', NULL, 1, '2022-08-18 17:46:26', '2022-08-18 17:46:26'),
(432, 'مؤسسة منصور علي حسن مدخلي لتجارة الجملة و التجزئة', 'SA4479322823418370374688', '9531392559197097659', NULL, 1, '2022-08-18 17:46:26', '2022-08-18 17:46:26'),
(433, 'مؤسسة حكاية عبير للبطاريات', 'SA4462884245931811409270', '4153114976981089112', NULL, 1, '2022-08-18 17:46:26', '2022-08-18 17:46:26'),
(434, 'مؤسسة أنوار الشرقية للبطاريات', 'SA4457239458044080821807', '3435364111619599898', NULL, 1, '2022-08-18 17:46:26', '2022-08-18 17:46:26'),
(435, 'مؤسسة صالح سعيد عبدالله البريكي للبطاريات', 'SA4460758947791969508448', '5040883175255731514', NULL, 1, '2022-08-18 17:46:26', '2022-08-18 17:46:26'),
(436, 'مؤسسة بوابة القطع للتجارة', 'SA4470051310762580130593', '7163225187308966304', NULL, 1, '2022-08-18 17:46:26', '2022-08-18 17:46:26'),
(437, 'مؤسسة حنان سالم شينان العيسي للبطاريات', 'SA4419436358197276465801', '9079662319282160609', NULL, 1, '2022-08-18 17:46:26', '2022-08-18 17:46:26'),
(438, 'مؤسسة علي أحمد على حكمي للبطاريات', 'SA4449786623074548275662', '6575521781249376596', NULL, 1, '2022-08-18 17:46:26', '2022-08-18 17:46:26'),
(439, 'مؤسسة محمد عبدالعزيز احمد الراجحي للبطاريات', 'SA4438279360622822053871', '1586710089281037218', NULL, 1, '2022-08-18 17:46:26', '2022-08-18 17:46:26'),
(440, 'مؤسسة جزء مشرق للتجارة', 'SA4473493422093828335558', '2928532322388627857', NULL, 1, '2022-08-18 17:46:26', '2022-08-18 17:46:26'),
(441, 'مؤسسة صالح سالم المهري التجارية', 'SA4484947496386634268534', '6655893135277758687', NULL, 1, '2022-08-18 17:46:26', '2022-08-18 17:46:26'),
(442, 'مؤسسة صالح سعيد عبدالله البريكي للبطاريات', 'SA4470713888561023940557', '5078765298036244325', NULL, 1, '2022-08-18 17:46:26', '2022-08-18 17:46:26'),
(443, 'مؤسسة زمزم بنت علي بن محمد السليم التجارية', 'SA4424465574092270917213', '4273490616905392614', NULL, 1, '2022-08-18 17:46:26', '2022-08-18 17:46:26'),
(444, 'مؤسسة حمد بن حميد بن بسيس الهذلي للبطاريات', 'SA4472521624133284511854', '2796273190791410279', NULL, 1, '2022-08-18 17:46:26', '2022-08-18 17:46:26'),
(445, 'مؤسسة صابرين يحي على جعونى للمقاولات العامة', 'SA4488902474521659712618', '1788195669433178970', NULL, 1, '2022-08-18 17:46:26', '2022-08-18 17:46:26'),
(446, 'مؤسسة البناء الدائم للمقاولات', 'SA4464323508188560151883', '7303348822603659516', NULL, 1, '2022-08-18 17:46:26', '2022-08-18 17:46:26'),
(447, 'شركة كانو لخدمات الخزانات', 'SA4433102426197008129513', '9417215846035488808', NULL, 1, '2022-08-18 17:46:26', '2022-08-18 17:46:26'),
(448, 'ورشة فهد سامر ضبان المطيري لصيانة المعدات', 'SA4476657638203035526279', '7747961659585315400', NULL, 1, '2022-08-18 17:46:26', '2022-08-18 17:46:26'),
(449, 'مؤسسة إمداد الخليج للصيانة', 'SA4487056854348194755088', '1441399187334554708', NULL, 1, '2022-08-18 17:46:26', '2022-08-18 17:46:26'),
(450, 'شركة سيمنس للطاقة', 'SA4414136809455887319685', '8724833910785671186', NULL, 1, '2022-08-18 17:46:26', '2022-08-18 17:46:26'),
(451, 'ورشة لفات تقنية الخليج الصناعية', 'SA4465969020264048103571', '2911371819985186300', NULL, 1, '2022-08-18 17:46:26', '2022-08-18 17:46:26'),
(452, 'ورشة الهدى الصناعية', 'SA4454952776657903363603', '8423652528549217320', NULL, 1, '2022-08-18 17:46:26', '2022-08-18 17:46:26'),
(453, 'مؤسسة مكانكم لتقنية المعلومات', 'SA4440550635023331633749', '8818823852523260715', NULL, 1, '2022-08-18 17:46:26', '2022-08-18 17:46:26'),
(454, 'مؤسسة شبكة المنهاج لتقنية المعلومات', 'SA4466744909624291931504', '4020481781806832274', NULL, 1, '2022-08-18 17:46:26', '2022-08-18 17:46:26'),
(455, 'مؤسسة تزايد للاتصالات و تقنية المعلومات', 'SA4478949118852641635845', '1857198561646245650', NULL, 1, '2022-08-18 17:46:26', '2022-08-18 17:46:26'),
(456, 'مؤسسة منطقة المستقبل للاتصالات و تقنية المعلومات', 'SA4461568039673604181217', '9531735981063054283', NULL, 1, '2022-08-18 17:46:26', '2022-08-18 17:46:26'),
(457, 'مؤسسة استضافة مربع لتقنية المعلومات', 'SA4432885982391469568691', '2017311525788599855', NULL, 1, '2022-08-18 17:46:26', '2022-08-18 17:46:26'),
(458, 'مؤسسة علي عدنان بن باقر الحداد للاتصالات و تقنية المعلومات', 'SA4418083404777817910936', '9615641021936237141', NULL, 1, '2022-08-18 17:46:26', '2022-08-18 17:46:26'),
(459, 'مؤسسة كيان سوفت لتقنية المعلومات', 'SA4426364465074625862308', '3533584662548295921', NULL, 1, '2022-08-18 17:46:26', '2022-08-18 17:46:26'),
(460, 'مؤسسة النمط الرائع لتقنية المعلومات', 'SA4445647474106349622775', '6727797266326903715', NULL, 1, '2022-08-18 17:46:26', '2022-08-18 17:46:26'),
(461, 'مؤسسة الدكان العجيب لتقنية المعلومات', 'SA4456170452947197287396', '7759168277574845436', NULL, 1, '2022-08-18 17:46:26', '2022-08-18 17:46:26'),
(462, 'مؤسسة اتاح لتقنية المعلومات', 'SA4459374216275951897209', '7604510669668277686', NULL, 1, '2022-08-18 17:46:26', '2022-08-18 17:46:26'),
(463, 'مؤسسة خالد بن سعود بن دغش الهاجري لتقنية المعلومات', 'SA4455980768046409777550', '3300328797838052110', NULL, 1, '2022-08-18 17:46:26', '2022-08-18 17:46:26'),
(464, 'فرع شركة نيلم تكنولوجيز ش ش', 'SA4484638210848475915816', '4007881768416793252', NULL, 1, '2022-08-18 17:46:26', '2022-08-18 17:46:26'),
(465, 'شركة تربه الشمال للزراعة', 'SA4410531546601017036805', '8167188482517448271', NULL, 1, '2022-08-18 17:46:26', '2022-08-18 17:46:26'),
(466, 'مؤسسة عصام بن عثمان بن عبدالواحد اليوسف للمقاولات العامة', 'SA4463461546691404131510', '1885395194686981577', NULL, 1, '2022-08-18 17:46:26', '2022-08-18 17:46:26'),
(467, 'مكتب نخيل الواحة للاستشارات الادارية', 'SA4428537447663748232391', '1862806263954824727', NULL, 1, '2022-08-18 17:46:26', '2022-08-18 17:46:26'),
(468, 'مكتب برق السمان للاستشارات الادارية', 'SA4439859508301670785908', '7364210610766380175', NULL, 1, '2022-08-18 17:46:26', '2022-08-18 17:46:26'),
(469, 'مكتب عبدالله بن علي بن محمد الصانع للاستشارات الادارية', 'SA4438666484832671685392', '9097477958381848111', NULL, 1, '2022-08-18 17:46:26', '2022-08-18 17:46:26'),
(470, 'مكتب ادارات المرافق للاستشارات الادارية', 'SA4429371781601951960793', '5747913785763112354', NULL, 1, '2022-08-18 17:46:26', '2022-08-18 17:46:26'),
(471, 'مكتب عبدالعزيز محمد علي الوادعي للاستشارات الادارية', 'SA4475232965893925194323', '5191708795554487913', NULL, 1, '2022-08-18 17:46:26', '2022-08-18 17:46:26'),
(472, 'مكتب جدا للاستشارات الادارية', 'SA4437998887417905029017', '1310719119716090226', NULL, 1, '2022-08-18 17:46:26', '2022-08-18 17:46:26'),
(473, 'مكتب بوارق للاستشارات الادارية', 'SA4475966491113593680174', '5795720469387286408', NULL, 1, '2022-08-18 17:46:26', '2022-08-18 17:46:26'),
(474, 'مكتب النور الاول للاستشارات الادارية', 'SA4453362433924027490299', '1656172213741524495', NULL, 1, '2022-08-18 17:46:26', '2022-08-18 17:46:26'),
(475, 'مكتب ذياب عايد العنزي للاستشارات الادارية', 'SA4413164820523501769321', '8770445186479496400', NULL, 1, '2022-08-18 17:46:26', '2022-08-18 17:46:26'),
(476, 'مكتب رائد بن عبدالله بن ابراهيم العجاجي للاستشارات الصناعية', 'SA4478917784875263797846', '6156401210669529965', NULL, 1, '2022-08-18 17:46:26', '2022-08-18 17:46:26'),
(477, 'شركة بيت الخبرة للاستشارات الصناعية', 'SA4468604764292798748444', '1593728741674626931', NULL, 1, '2022-08-18 17:46:26', '2022-08-18 17:46:26'),
(478, 'مكتب خلايا فعاله للاستشارات الفنية والمختبرات', 'SA4465882919974306840366', '2602278484178805876', NULL, 1, '2022-08-18 17:46:26', '2022-08-18 17:46:26'),
(479, 'مكتب رواد التميز للإستشارات الفنية والمختبرات', 'SA4481280953014725737943', '2222843564639056325', NULL, 1, '2022-08-18 17:46:26', '2022-08-18 17:46:26'),
(480, 'مكتب مشاري مطلق بن سفر العتيبي للإستشارات المالية لغير الأوراق المالية', 'SA4452065326343444185587', '1866780037108678838', NULL, 1, '2022-08-18 17:46:26', '2022-08-18 17:46:26'),
(481, 'مكتب الحياة للإستشارات المالية لغير الأوراق المالية', 'SA4486436113586990358362', '9017491234997356548', NULL, 1, '2022-08-18 17:46:26', '2022-08-18 17:46:26'),
(482, 'مكتب رياس للإستشارات المالية لغير الأوراق المالية', 'SA4474252214246621929376', '6822618114781811173', NULL, 1, '2022-08-18 17:46:26', '2022-08-18 17:46:26'),
(483, 'مكتب عبدالله عبدالمحسن علي الشايب للاستشارات الهندسية', 'SA4449525724944303469749', '1160437037334357339', NULL, 1, '2022-08-18 17:46:26', '2022-08-18 17:46:26'),
(484, 'مكتب ديوان العمارة للاستشارات الهندسية', 'SA4465692296241237349076', '9385769592028292948', NULL, 1, '2022-08-18 17:46:26', '2022-08-18 17:46:26'),
(485, 'مكتب سامي بن علي بن عبدالله الماضي للاستشارات الهندسية', 'SA4462785612735323492435', '5041834044974790294', NULL, 1, '2022-08-18 17:46:26', '2022-08-18 17:46:26'),
(486, 'مكتب شبكة الانجاز للاستشارات الهندسية', 'SA4434609650786020099797', '7584500734281353402', NULL, 1, '2022-08-18 17:46:26', '2022-08-18 17:46:26'),
(487, 'مكتب رنا منيراحمد قاضي القاضي للاستشارات الهندسية', 'SA4458499056367831916595', '3966432222149260199', NULL, 1, '2022-08-18 17:46:26', '2022-08-18 17:46:26'),
(488, 'مكتب شلال فرحان جلال الشمري للاستشارات الهندسية', 'SA4479936120585250665406', '3885911327724972232', NULL, 1, '2022-08-18 17:46:26', '2022-08-18 17:46:26'),
(489, 'مكتب حسن محمدصغير علي فقيه للاستشارات الهندسية', 'SA4482248201558973812329', '5256170665764109802', NULL, 1, '2022-08-18 17:46:26', '2022-08-18 17:46:26'),
(490, 'مكتب بسمه خيري عبدالحليم بدر للاستشارات الهندسية', 'SA4415612329065087725047', '7799190686487771448', NULL, 1, '2022-08-18 17:46:26', '2022-08-18 17:46:26'),
(491, 'مكتب مدن المستقبل للاستشارات الهندسية', 'SA4480971918356251930726', '9573672111511462779', NULL, 1, '2022-08-18 17:46:26', '2022-08-18 17:46:26'),
(492, 'مكتب نبراس احمد بن علي آل ثواب للاستشارات الهندسية', 'SA4446002839193716999218', '2339747240654654363', NULL, 1, '2022-08-18 17:46:26', '2022-08-18 17:46:26'),
(493, 'مكتب أحمد بن عبداللطيف بن احمد البراك للاستشارات الهندسية', 'SA4456676548114931354114', '3731935578745347667', NULL, 1, '2022-08-18 17:46:26', '2022-08-18 17:46:26'),
(494, 'مكتب المعماريون السعوديون للاستشارات الهندسية', 'SA4415904706244703755325', '8011718931439477214', NULL, 1, '2022-08-18 17:46:26', '2022-08-18 17:46:26'),
(495, 'مكتب عمرو فريد محمد زيدان للاستشارات الهندسية', 'SA4412319000122049333547', '5763773062502037195', NULL, 1, '2022-08-18 17:46:26', '2022-08-18 17:46:26'),
(496, 'مكتب محمد أحمد رشيد الرشيد للاستشارات الهندسية', 'SA4477111332853798298442', '2411344352214630240', NULL, 1, '2022-08-18 17:46:26', '2022-08-18 17:46:26'),
(497, 'مكتب ارتداد للاستشارات الهندسية', 'SA4431906650727163482861', '3447374510275160106', NULL, 1, '2022-08-18 17:46:26', '2022-08-18 17:46:26'),
(498, 'شركة تكنيكاس ريونيداس العالمية للاستشارات الهندسية شركة الشخص الواحد', 'SA4421418342656008195882', '9278946213648950572', NULL, 1, '2022-08-18 17:46:26', '2022-08-18 17:46:26'),
(499, 'شركة الخبراء المميزين للاستشارات الهندسية', 'SA4462226688868437743950', '4942857472276414432', NULL, 1, '2022-08-18 17:46:26', '2022-08-18 17:46:26'),
(500, 'مكتب العمارة العربية للاستشارات الهندسية', 'SA4416068883474797650281', '2579177686178516576', NULL, 1, '2022-08-18 17:46:26', '2022-08-18 17:46:26'),
(501, 'شركة مساحة للاستشارات الهندسية', 'SA4451780417283608804421', '6651256618682058778', NULL, 1, '2022-08-18 17:46:26', '2022-08-18 17:46:26'),
(502, 'فرع شركة الرؤية الحديثة للاستشارات الهندسية', 'SA4482604837606220078618', '2334477789041770751', NULL, 1, '2022-08-18 17:46:26', '2022-08-18 17:46:26'),
(503, 'مكتب أنس سعيد سعدي عسيري للاستشارات الهندسية', 'SA4435246186802097804559', '8035188549654145304', NULL, 1, '2022-08-18 17:46:26', '2022-08-18 17:46:26'),
(504, 'مكتب الارتكاز للاستشارات الهندسية', 'SA4461696226513433915841', '1138728797803110686', NULL, 1, '2022-08-18 17:46:26', '2022-08-18 17:46:26'),
(505, 'مكتب مهند محمد القرون للاستشارات الهندسية', 'SA4426179336537130303164', '7238577452043444388', NULL, 1, '2022-08-18 17:46:26', '2022-08-18 17:46:26'),
(506, 'مكتب راديان للاستشارات الهندسية', 'SA4466503865103338319122', '7232769960698672561', NULL, 1, '2022-08-18 17:46:26', '2022-08-18 17:46:26'),
(507, 'شركة البيكس الشرق الاوسط للاستشارات الهندسية', 'SA4433241789458587396460', '3985368587649323691', '   ', 1, '2022-08-18 17:46:26', '2024-01-11 01:52:20'),
(508, 'مكتب نايل بن دهلوس بن نايل الرشيد للاستشارات الهندسية', 'SA4435556639645996160005', '2307579854054422662', NULL, 1, '2022-08-18 17:46:26', '2022-08-18 17:46:26'),
(509, 'مكتب أروى محمد احمد عسيري للاستشارات الهندسية', 'SA4460210443006115547662', '8655427672778907829', NULL, 1, '2022-08-18 17:46:26', '2022-08-18 17:46:26'),
(510, 'مكتب شقير صعفق حاكم الدويش للاستشارات الهندسية', 'SA4482192937664581587412', '4725827290089474927', NULL, 1, '2022-08-18 17:46:26', '2022-08-18 17:46:26'),
(511, 'مكتب دقة التصاميم للاستشارات الهندسية', 'SA4437257813204649187423', '8169572714381232935', NULL, 1, '2022-08-18 17:46:26', '2022-08-18 17:46:26'),
(512, 'مكتب بداية للاستشارات الهندسية', 'SA4431520713673988019339', '2782129538116669507', NULL, 1, '2022-08-18 17:46:26', '2022-08-18 17:46:26'),
(513, 'مكتب سعد بن زاهي بن درويش الشمري للاستشارات الهندسية', 'SA4484138703504197298940', '3314601648614015964', NULL, 1, '2022-08-18 17:46:26', '2022-08-18 17:46:26'),
(514, 'مكتب المنفذ الثلاثي للاستشارات في مجال الاتصالات وتقنية المعلومات', 'SA4489622573136729304314', '4675923385207979380', NULL, 1, '2022-08-18 17:46:26', '2022-08-18 17:46:26'),
(515, 'مكتب تكامل الذكاء والبدائل للاستشارات في مجال الاتصالات وتقنية المعلومات', 'SA4487032411871173105117', '9028643230795427537', NULL, 1, '2022-08-18 17:46:26', '2022-08-18 17:46:26'),
(516, 'مكتب يوسف عبدالله العريفي للاستشارات في مجال الحاسب الآلي', 'SA4422681924063350785027', '5641795379743965705', NULL, 1, '2022-08-18 17:46:26', '2022-08-18 17:46:26'),
(517, 'مكتب يوسف بن احمد بن حسن ال موسى للاستشارات في مجال الزكاة وضريبة الدخل', 'SA4475860993543910395275', '9710120378026564686', NULL, 1, '2022-08-18 17:46:26', '2022-08-18 17:46:26'),
(518, 'مكتب ميسان للاستشارات في مجال الزكاة وضريبة الدخل', 'SA4479476087575133308253', '9582690212356095357', NULL, 1, '2022-08-18 17:46:26', '2022-08-18 17:46:26'),
(519, 'مكتب مفلح بن دواس بن مبارك الخالدي للاستشارات في مجال الزكاة وضريبة الدخل', 'SA4439482855495264914349', '7238569861516665316', NULL, 1, '2022-08-18 17:46:26', '2022-08-18 17:46:26'),
(520, 'مكتب لميس حسن جميل ثقه للاستشارات في مجال الزكاة وضريبة الدخل', 'SA4469191123905064508173', '4843772045165501841', NULL, 1, '2022-08-18 17:46:26', '2022-08-18 17:46:26'),
(521, 'مكتب علي عدنان بن باقر الحداد للاستشارات في مجال الزكاة وضريبة الدخل', 'SA4470856656165184222225', '1575331757552202237', NULL, 1, '2022-08-18 17:46:26', '2022-08-18 17:46:26'),
(522, 'مؤسسة صبا التجارية', 'SA4460229965054204913643', '4816957411688119863', NULL, 1, '2022-08-18 17:46:26', '2022-08-18 17:46:26'),
(523, 'مؤسسة هزاع بن ناصر بن علي الشمراني التجارية', 'SA4481278946904324579635', '7851749558891597536', NULL, 1, '2022-08-18 17:46:26', '2022-08-18 17:46:26'),
(524, 'مؤسسة رايات الاعمال التجارية', 'SA4426859051585469515427', '2712749223784233235', NULL, 1, '2022-08-18 17:46:26', '2022-08-18 17:46:26'),
(525, 'مؤسسة العشب الاخضر التجارية', 'SA4412205194775960385327', '4117262634426839873', NULL, 1, '2022-08-18 17:46:26', '2022-08-18 17:46:26'),
(526, 'مؤسسة فن العشب التجارية', 'SA4456956419024284413848', '8332845763591672505', NULL, 1, '2022-08-18 17:46:26', '2022-08-18 17:46:26'),
(527, 'مؤسسة ضياء العشب التجارية', 'SA4452931708026748049513', '9122305345294574147', NULL, 1, '2022-08-18 17:46:26', '2022-08-18 17:46:26'),
(528, 'مؤسسة وردة شامية للتجارة', 'SA4416863207773351502508', '5951922889347255571', NULL, 1, '2022-08-18 17:46:26', '2022-08-18 17:46:26'),
(529, 'مؤسسة عشب البستان التجارية', 'SA4451693517026960839871', '5406200512112936270', NULL, 1, '2022-08-18 17:46:26', '2022-08-18 17:46:26'),
(530, 'مؤسسة فاطمه جابر بن احمد العوض لتأجير المعدات', 'SA4471370537735335442689', '1835199324947193847', NULL, 1, '2022-08-18 17:46:26', '2022-08-18 17:46:26'),
(531, 'مؤسسة دولية المتكاملة التجارية', 'SA4412382868692268408913', '4149162313082090545', NULL, 1, '2022-08-18 17:46:26', '2022-08-18 17:46:26'),
(532, 'مؤسسة فهد بن محمد بن علي الزهراني للالات والمعدات', 'SA4471664985433869984207', '8848835376714242639', NULL, 1, '2022-08-18 17:46:26', '2022-08-18 17:46:26'),
(533, 'مؤسسة سعد حسن عوده الجلاسي التجارية', 'SA4450637809356883630503', '6920632539098559943', NULL, 1, '2022-08-18 17:46:26', '2022-08-18 17:46:26'),
(534, 'مؤسسة مرجان الشرق للتجارة', 'SA4479561809055386319457', '6516355873072176560', NULL, 1, '2022-08-18 17:46:26', '2022-08-18 17:46:26'),
(535, 'مؤسسة مرتضى سعيد بن محمد سبيتي للتجارة', 'SA4435841732354425836138', '2812535869461638732', NULL, 1, '2022-08-18 17:46:26', '2022-08-18 17:46:26'),
(536, 'مؤسسة بخيت عيظه الزهراني التجارية', 'SA4436542508696196913400', '1564321416659575232', NULL, 1, '2022-08-18 17:46:26', '2022-08-18 17:46:26'),
(537, 'مؤسسة اجهزه الاطفاء للتجارة', 'SA4453688657772947758544', '1065192173749482938', NULL, 1, '2022-08-18 17:46:26', '2022-08-18 17:46:26'),
(538, 'مؤسسة رؤيا الاعمال لاجهزة السلامة', 'SA4485034375445508923459', '6817141594282440330', NULL, 1, '2022-08-18 17:46:26', '2022-08-18 17:46:26'),
(539, 'مؤسسة نوره بنت بلال بن سالم الدوسري التجارية', 'SA4431470719738115903293', '1376472948839424194', NULL, 1, '2022-08-18 17:46:26', '2022-08-18 17:46:26'),
(540, 'مؤسسة علي ناصر بن محمد السلطان لاجهزة السلامة', 'SA4449977296356303152484', '7662824430055698491', NULL, 1, '2022-08-18 17:46:26', '2022-08-18 17:46:26'),
(541, 'مؤسسة علي حسين احمد بجوي التجارية', 'SA4425133531003698642355', '5984214417425331800', NULL, 1, '2022-08-18 17:46:26', '2022-08-18 17:46:26'),
(542, 'مؤسسة متعب بن عبدالله بن شاهر الشمري لاجهزة السلامة', 'SA4465841685562398331142', '6961429036704742161', NULL, 1, '2022-08-18 17:46:26', '2022-08-18 17:46:26'),
(543, 'مؤسسة نسمة الخليج لاجهزة السلامة', 'SA4464099712987602354958', '8539452151298700475', NULL, 1, '2022-08-18 17:46:26', '2022-08-18 17:46:26'),
(544, 'مؤسسة احمد سالم مران اليامي لاجهزة السلامة', 'SA4412057377697408665063', '5298808321887337248', NULL, 1, '2022-08-18 17:46:26', '2022-08-18 17:46:26'),
(545, 'مؤسسة معجبه علي محمد آل المحاضي لاجهزة السلامة', 'SA4440808554508181832298', '1760570840036017415', NULL, 1, '2022-08-18 17:46:26', '2022-08-18 17:46:26'),
(546, 'مؤسسة ديوان الخبر لاجهزة السلامة', 'SA4410868064917415292321', '3447553546606453876', NULL, 1, '2022-08-18 17:46:26', '2022-08-18 17:46:26'),
(547, 'مؤسسة الفارس الخيال لاجهزة السلامة', 'SA4411583860152272137772', '8792631139552232691', NULL, 1, '2022-08-18 17:46:26', '2022-08-18 17:46:26'),
(548, 'مؤسسة أداة المشروع للتجارة', 'SA4447362789745958679262', '3482496929796976887', NULL, 1, '2022-08-18 17:46:26', '2022-08-18 17:46:26'),
(549, 'مؤسسة حسن أحمد يوسف الصومالي لاجهزة السلامة', 'SA4442942829514929105496', '6748540527994728827', NULL, 1, '2022-08-18 17:46:26', '2022-08-18 17:46:26'),
(550, 'مؤسسة زين الكون التجارية', 'SA4422573310896301293248', '2609685965942879521', NULL, 1, '2022-08-18 17:46:26', '2022-08-18 17:46:26'),
(551, 'مؤسسة عبدالرحمن مساعد ابن مخاسر الشمراني للتجارة', 'SA4432511404993180535527', '3022799038216264467', NULL, 1, '2022-08-18 17:46:26', '2022-08-18 17:46:26'),
(552, 'مؤسسة زايد جمعان صالح الدوسري لاجهزة السلامة', 'SA4470642270047579033120', '3103484525979064703', NULL, 1, '2022-08-18 17:46:26', '2022-08-18 17:46:26'),
(553, 'مؤسسة تداول التدفق للتجارة', 'SA4418539760126826616126', '9645961942609225251', NULL, 1, '2022-08-18 17:46:26', '2022-08-18 17:46:26'),
(554, 'مؤسسة علي سعيد عبدالله الغامدي لاجهزة السلامة', 'SA4417038630968864807373', '4501939513896418651', NULL, 1, '2022-08-18 17:46:26', '2022-08-18 17:46:26'),
(555, 'مؤسسة نجوم الحريق للتجارة', 'SA4470941224406300558749', '9741110715493978645', NULL, 1, '2022-08-18 17:46:26', '2022-08-18 17:46:26'),
(556, 'شركة الخليج للانظمه الصناعية', 'SA4429417172825720494801', '9267299597136898713', NULL, 1, '2022-08-18 17:46:26', '2022-08-18 17:46:26'),
(557, 'مؤسسة فاطمه عبدالله بن حسن المحمدعلي لصيانة المعدات', 'SA4474028394073373128613', '5422453087164333588', NULL, 1, '2022-08-18 17:46:26', '2022-08-18 17:46:26'),
(558, 'مؤسسة الوسط البديل لصيانة المعدات', 'SA4411819156396245519953', '6981412748095857550', NULL, 1, '2022-08-18 17:46:26', '2022-08-18 17:46:26'),
(559, 'مؤسسة موثوقة و مسؤولة للصيانة', 'SA4431670477421342950757', '4170219671295804386', NULL, 1, '2022-08-18 17:46:26', '2022-08-18 17:46:26'),
(560, 'مؤسسة قمة التفتيش للصيانة', 'SA4465794422174711064189', '2327645422111973752', NULL, 1, '2022-08-18 17:46:26', '2022-08-18 17:46:26'),
(561, 'مؤسسة أصول الرخام للمقاولات العامة', 'SA4440522806703513560659', '8874264585744775457', NULL, 1, '2022-08-18 17:46:26', '2022-08-18 17:46:26'),
(562, 'مصنع أحمد عيسى بن علي الدوسري للصناعة', 'SA4447437526442587587035', '7119247893217670386', NULL, 1, '2022-08-18 17:46:26', '2022-08-18 17:46:26'),
(563, 'مصنع عبدالخالق محمد حسين الوادعي للصناعة', 'SA4429833814857666172861', '8686595873728173972', NULL, 1, '2022-08-18 17:46:26', '2022-08-18 17:46:26'),
(564, 'مصنع زين صالح سالم ال منجم للحديد', 'SA4428238463446803007529', '8452684885241615816', NULL, 1, '2022-08-18 17:46:26', '2022-08-18 17:46:26'),
(565, 'مصنع نايف سعد بن مرعي القحطاني للأنابيب', 'SA4435750062847913663879', '8557603131386632178', NULL, 1, '2022-08-18 17:46:26', '2022-08-18 17:46:26'),
(566, 'مصنع أماني نومان بن فرحان الشمري للصناعة', 'SA4474196370655130153639', '6441134569865853318', NULL, 1, '2022-08-18 17:46:26', '2022-08-18 17:46:26'),
(567, 'مصنع عبدالله سليمان بن غريب الشمري للحديد', 'SA4417836988744671031065', '4641500971397203288', NULL, 1, '2022-08-18 17:46:26', '2022-08-18 17:46:26');

-- --------------------------------------------------------

--
-- Table structure for table `users`
--

CREATE TABLE `users` (
  `id` int(11) NOT NULL,
  `username` varchar(50) NOT NULL,
  `password` varchar(255) NOT NULL,
  `f_name` varchar(100) NOT NULL,
  `l_name` varchar(100) NOT NULL,
  `avatar` varchar(100) NOT NULL,
  `created_at` datetime DEFAULT current_timestamp(),
  `is_admin` int(11) DEFAULT 0,
  `max_list` varchar(10) NOT NULL DEFAULT '100',
  `is_active` int(11) NOT NULL DEFAULT 1,
  `clear_pass` varchar(50) DEFAULT NULL,
  `user_2fa_enable` int(11) DEFAULT 0,
  `user_2fa_secret` varchar(50) DEFAULT NULL,
  `user_2fa_code` varchar(50) DEFAULT NULL,
  `debug` tinyint(4) NOT NULL DEFAULT 0
) ENGINE=InnoDB DEFAULT CHARSET=utf8mb4 COLLATE=utf8mb4_general_ci;

--
-- Dumping data for table `users`
--

INSERT INTO `users` (`id`, `username`, `password`, `f_name`, `l_name`, `avatar`, `created_at`, `is_admin`, `max_list`, `is_active`, `clear_pass`, `user_2fa_enable`, `user_2fa_secret`, `user_2fa_code`, `debug`) VALUES
(1, 'aymanoz', '$2y$10$Ianl25aGLKaDwlYcaaminubcrSvU.KcnjXAWiCyuXMPXw0ctnUOhG', 'Ayman', 'Dasa', 'Untitled.ipynb', '2022-05-17 19:21:05', 1, '25', 1, '1234512345', 1, 'JOQPOIXBTVTWXTJX', '', 0),
(4, 'admin', '$2y$10$YLmOh1mihx620toUI5kH9ObzGUDVCbi3bnd2YnPwFPvj9RVlmFuSW', 'sys', 'admin', '', '2024-01-07 14:33:17', 1, '100', 1, '123456', 1, 'UCIZBRRRGVHTBMYV', NULL, 0),
(7, 'adomom', '$2y$10$jJ7.cCywCGJCUY.DWhFbxO/DcSNKS.ycw7tFcl4tH8AtopkVgrzLK', 'Ahmad', 'Dooom', '', '2024-01-13 12:12:59', 0, '100', 1, '123456', 0, NULL, NULL, 0);

--
-- Indexes for dumped tables
--

--
-- Indexes for table `config`
--
ALTER TABLE `config`
  ADD PRIMARY KEY (`id`);

--
-- Indexes for table `invoice`
--
ALTER TABLE `invoice`
  ADD PRIMARY KEY (`id`);

--
-- Indexes for table `sappo`
--
ALTER TABLE `sappo`
  ADD PRIMARY KEY (`id`),
  ADD UNIQUE KEY `no` (`no`);

--
-- Indexes for table `suppliers`
--
ALTER TABLE `suppliers`
  ADD PRIMARY KEY (`id`),
  ADD UNIQUE KEY `cr` (`cr`),
  ADD UNIQUE KEY `vat` (`vat`);

--
-- Indexes for table `users`
--
ALTER TABLE `users`
  ADD PRIMARY KEY (`id`),
  ADD UNIQUE KEY `username` (`username`);

--
-- AUTO_INCREMENT for dumped tables
--

--
-- AUTO_INCREMENT for table `config`
--
ALTER TABLE `config`
  MODIFY `id` int(11) NOT NULL AUTO_INCREMENT, AUTO_INCREMENT=18;

--
-- AUTO_INCREMENT for table `invoice`
--
ALTER TABLE `invoice`
  MODIFY `id` int(11) NOT NULL AUTO_INCREMENT, AUTO_INCREMENT=25;

--
-- AUTO_INCREMENT for table `sappo`
--
ALTER TABLE `sappo`
  MODIFY `id` int(11) NOT NULL AUTO_INCREMENT, AUTO_INCREMENT=5;

--
-- AUTO_INCREMENT for table `suppliers`
--
ALTER TABLE `suppliers`
  MODIFY `id` int(11) NOT NULL AUTO_INCREMENT, AUTO_INCREMENT=578;

--
-- AUTO_INCREMENT for table `users`
--
ALTER TABLE `users`
  MODIFY `id` int(11) NOT NULL AUTO_INCREMENT, AUTO_INCREMENT=8;
COMMIT;

/*!40101 SET CHARACTER_SET_CLIENT=@OLD_CHARACTER_SET_CLIENT */;
/*!40101 SET CHARACTER_SET_RESULTS=@OLD_CHARACTER_SET_RESULTS */;
/*!40101 SET COLLATION_CONNECTION=@OLD_COLLATION_CONNECTION */;
